{
   "base/female_NewSea_J086f" : "haircuts/cloud_female_NewSea_J086f.ply",
   "base/female_NewSea_J096f" : "haircuts/cloud_female_NewSea_J096f.ply",
   "base/female_NewSea_J123f" : "haircuts/cloud_female_NewSea_J123f.ply",
   "base/male_NewSea_J003m" : "haircuts/cloud_male_NewSea_J003m.ply",
   "base/male_NewSea_J082m" : "haircuts/cloud_male_NewSea_J082m.ply",
   "base/male_makehuman_short02" : "haircuts/cloud_male_makehuman_short02.ply",
   "facegen/facegen_afro" : "haircuts/cloud_facegen_afro.ply",
   "facegen/facegen_balding" : "haircuts/cloud_facegen_balding.ply",
   "facegen/facegen_bob" : "haircuts/cloud_facegen_bob.ply",
   "facegen/facegen_bob_parted" : "haircuts/cloud_facegen_bob_parted.ply",
   "facegen/facegen_burr_cut" : "haircuts/cloud_facegen_burr_cut.ply",
   "facegen/facegen_classic_side_part" : "haircuts/cloud_facegen_classic_side_part.ply",
   "facegen/facegen_classic_tapper" : "haircuts/cloud_facegen_classic_tapper.ply",
   "facegen/facegen_corkscrew_curls" : "haircuts/cloud_facegen_corkscrew_curls.ply",
   "facegen/facegen_cowlick" : "haircuts/cloud_facegen_cowlick.ply",
   "facegen/facegen_cowlick2" : "haircuts/cloud_facegen_cowlick2.ply",
   "facegen/facegen_crew_cut" : "haircuts/cloud_facegen_crew_cut.ply",
   "facegen/facegen_crew_cut2" : "haircuts/cloud_facegen_crew_cut2.ply",
   "facegen/facegen_crew_cut3" : "haircuts/cloud_facegen_crew_cut3.ply",
   "facegen/facegen_cuckoo_nest" : "haircuts/cloud_facegen_cuckoo_nest.ply",
   "facegen/facegen_curtained_hair" : "haircuts/cloud_facegen_curtained_hair.ply",
   "facegen/facegen_flattop" : "haircuts/cloud_facegen_flattop.ply",
   "facegen/facegen_high_volume_brushed_up" : "haircuts/cloud_facegen_high_volume_brushed_up.ply",
   "facegen/facegen_long_afro" : "haircuts/cloud_facegen_long_afro.ply",
   "facegen/facegen_long_bob" : "haircuts/cloud_facegen_long_bob.ply",
   "facegen/facegen_long_crimped" : "haircuts/cloud_facegen_long_crimped.ply",
   "facegen/facegen_long_dreads" : "haircuts/cloud_facegen_long_dreads.ply",
   "facegen/facegen_long_hair" : "haircuts/cloud_facegen_long_hair.ply",
   "facegen/facegen_long_hair2" : "haircuts/cloud_facegen_long_hair2.ply",
   "facegen/facegen_man_bun" : "haircuts/cloud_facegen_man_bun.ply",
   "facegen/facegen_man_bun2" : "haircuts/cloud_facegen_man_bun2.ply",
   "facegen/facegen_mid_length_messy" : "haircuts/cloud_facegen_mid_length_messy.ply",
   "facegen/facegen_mid_length_ruffled" : "haircuts/cloud_facegen_mid_length_ruffled.ply",
   "facegen/facegen_pigtails" : "haircuts/cloud_facegen_pigtails.ply",
   "facegen/facegen_ponytail" : "haircuts/cloud_facegen_ponytail.ply",
   "facegen/facegen_short" : "haircuts/cloud_facegen_short.ply",
   "facegen/facegen_short_bob_asymmetrical_bangs" : "haircuts/cloud_facegen_short_bob_asymmetrical_bangs.ply",
   "facegen/facegen_short_curls" : "haircuts/cloud_facegen_short_curls.ply",
   "facegen/facegen_short_curls2" : "haircuts/cloud_facegen_short_curls2.ply",
   "facegen/facegen_short_parted" : "haircuts/cloud_facegen_short_parted.ply",
   "facegen/facegen_side_french_braid" : "haircuts/cloud_facegen_side_french_braid.ply",
   "facegen/facegen_straight_bob_bangs" : "haircuts/cloud_facegen_straight_bob_bangs.ply",
   "facegen/facegen_top_knot" : "haircuts/cloud_facegen_top_knot.ply",
   "facegen/facegen_very_long" : "haircuts/cloud_facegen_very_long.ply",
   "facegen/facegen_wavy_shag" : "haircuts/cloud_facegen_wavy_shag.ply"
}
